{"meta": {"status": "200"},
 "response": {
   "id": {"name": "ID", "slug": "id", "options": []},
   "integer": {"name":"Integer", "slug":"integer", "options": ["defaultString"]},
   "decimal": {"name":"Decimal", "slug":"decimal", "options": ["defaultString"]},
   "string": {"name":"Single Line Text", "slug":"string", "options": ["defaultString"]},
   "text": {"name":"Paragraph Text", "slug":"text", "options": []},
   "boolean": {"name":"Boolean", "slug":"boolean", "options": ["defaultBoolean"]},
   "slug": {"name":"Slug", "slug":"slug", "options": ["slugLink"]},
   "timestamp": {"name":"Timestamp", "slug":"timestamp", "options": []},
   "asset": {"name":"Asset", "slug":"asset", "options": []},
   "address": {"name":"Address", "slug":"address", "options": []},
   "collection": {"name":"Collection", "slug":"collection", "options": ["link"]},
   "part": {"name":"Part", "slug":"part", "options": ["link"]},
   "tie": {"name":"Tie", "slug":"tie", "options": ["link"]}
 }
}